[
    {
        "file": "0.dao",
        "parameter": {
            "build_qubo_parameter_MIS.conflict": 1500,
            "build_qubo_parameter_MIS.bonus": 1250,
            "build_qubo_parameter_TSP.factor_rules": 50,
            "build_qubo_parameter_TSP.factor_distance": 1.5
        },
        "result": {
            "mis_independent_nodes": 18,
            "mis_violations": 0,
            "mis_max_penalty": 0,
            "tsp_time": 10,
            "tsp_city": 4,
            "tsp_distance ": 103.34231089800426,
            "Duration - load": 0.023142,
            "Duration - compose_model": 1.0111560000000002,
            "Duration - build": 0.041223,
            "Duration - solve": 26.779937,
            "Duration - finalize": 0.328453,
            "Duration - total": 28.183911
        }
    },
    {
        "file": "1.dao",
        "parameter": {
            "build_qubo_parameter_MIS.conflict": 1750,
            "build_qubo_parameter_MIS.bonus": 1125,
            "build_qubo_parameter_TSP.factor_rules": 75,
            "build_qubo_parameter_TSP.factor_distance": 1.25
        },
        "result": {
            "mis_independent_nodes": 19,
            "mis_violations": 0,
            "mis_max_penalty": 0,
            "tsp_time": 0,
            "tsp_city": 0,
            "tsp_distance ": 624.9137657952173,
            "Duration - load": 0.031637,
            "Duration - compose_model": 0.7451570000000001,
            "Duration - build": 0.05527,
            "Duration - solve": 26.62448,
            "Duration - finalize": 0.325112,
            "Duration - total": 27.781655999999998
        }
    },
    {
        "file": "2.dao",
        "parameter": {
            "build_qubo_parameter_MIS.conflict": 2000,
            "build_qubo_parameter_MIS.bonus": 1000,
            "build_qubo_parameter_TSP.factor_rules": 100,
            "build_qubo_parameter_TSP.factor_distance": 1.0
        },
        "result": {
            "mis_independent_nodes": 20,
            "mis_violations": 0,
            "mis_max_penalty": 0,
            "tsp_time": 0,
            "tsp_city": 0,
            "tsp_distance ": 625.3566676724823,
            "Duration - load": 0.031635,
            "Duration - compose_model": 0.7852189999999999,
            "Duration - build": 0.034152,
            "Duration - solve": 27.213386,
            "Duration - finalize": 0.333657,
            "Duration - total": 28.398048999999997
        }
    },
    {
        "file": "3.dao",
        "parameter": {
            "build_qubo_parameter_MIS.conflict": 2250,
            "build_qubo_parameter_MIS.bonus": 875,
            "build_qubo_parameter_TSP.factor_rules": 125,
            "build_qubo_parameter_TSP.factor_distance": 0.75
        },
        "result": {
            "mis_independent_nodes": 17,
            "mis_violations": 0,
            "mis_max_penalty": 0,
            "tsp_time": 0,
            "tsp_city": 0,
            "tsp_distance ": 622.7950036544754,
            "Duration - load": 0.015624,
            "Duration - compose_model": 0.7458790000000001,
            "Duration - build": 0.022026,
            "Duration - solve": 26.534821,
            "Duration - finalize": 0.333566,
            "Duration - total": 27.651916000000003
        }
    },
    {
        "file": "4.dao",
        "parameter": {
            "build_qubo_parameter_MIS.conflict": 2500,
            "build_qubo_parameter_MIS.bonus": 750,
            "build_qubo_parameter_TSP.factor_rules": 150,
            "build_qubo_parameter_TSP.factor_distance": 0.5
        },
        "result": {
            "mis_independent_nodes": 18,
            "mis_violations": 0,
            "mis_max_penalty": 0,
            "tsp_time": 0,
            "tsp_city": 0,
            "tsp_distance ": 905.4295418964123,
            "Duration - load": 0.031643,
            "Duration - compose_model": 0.746438,
            "Duration - build": 0.031642,
            "Duration - solve": 26.54914,
            "Duration - finalize": 0.326803,
            "Duration - total": 27.685666
        }
    }
]