{
    "__class__": "Room",
    "ID": "office",
    "size": [
        14.8,
        21.6
    ],
    "desks": [
        {
            "__class__": "Desk",
            "ID": "1",
            "position": [
                2.4,
                1.6
            ],
            "orientation": 180.0
        },
        {
            "__class__": "Desk",
            "ID": "2",
            "position": [
                4.4,
                2.8
            ],
            "orientation": 270.0
        },
        {
            "__class__": "Desk",
            "ID": "3",
            "position": [
                2.4,
                4.0
            ],
            "orientation": 0.0
        },
        {
            "__class__": "Desk",
            "ID": "4",
            "position": [
                6.8,
                1.6
            ],
            "orientation": 180.0
        },
        {
            "__class__": "Desk",
            "ID": "5",
            "position": [
                8.8,
                2.8
            ],
            "orientation": 270.0
        },
        {
            "__class__": "Desk",
            "ID": "6",
            "position": [
                6.8,
                4.0
            ],
            "orientation": 0.0
        },
        {
            "__class__": "Desk",
            "ID": "7",
            "position": [
                11.2,
                1.6
            ],
            "orientation": 180.0
        },
        {
            "__class__": "Desk",
            "ID": "8",
            "position": [
                13.2,
                2.8
            ],
            "orientation": 270.0
        },
        {
            "__class__": "Desk",
            "ID": "9",
            "position": [
                11.2,
                4.0
            ],
            "orientation": 0.0
        },
        {
            "__class__": "Desk",
            "ID": "10",
            "position": [
                2.0,
                7.6
            ],
            "orientation": 90.0
        },
        {
            "__class__": "Desk",
            "ID": "11",
            "position": [
                4.0,
                6.4
            ],
            "orientation": 180.0
        },
        {
            "__class__": "Desk",
            "ID": "12",
            "position": [
                4.0,
                8.8
            ],
            "orientation": 0.0
        },
        {
            "__class__": "Desk",
            "ID": "13",
            "position": [
                6.4,
                7.6
            ],
            "orientation": 90.0
        },
        {
            "__class__": "Desk",
            "ID": "14",
            "position": [
                8.4,
                6.4
            ],
            "orientation": 180.0
        },
        {
            "__class__": "Desk",
            "ID": "15",
            "position": [
                8.4,
                8.8
            ],
            "orientation": 0.0
        },
        {
            "__class__": "Desk",
            "ID": "16",
            "position": [
                10.8,
                7.6
            ],
            "orientation": 90.0
        },
        {
            "__class__": "Desk",
            "ID": "17",
            "position": [
                12.8,
                6.4
            ],
            "orientation": 180.0
        },
        {
            "__class__": "Desk",
            "ID": "18",
            "position": [
                12.8,
                8.8
            ],
            "orientation": 0.0
        },
        {
            "__class__": "Desk",
            "ID": "19",
            "position": [
                2.0,
                11.6
            ],
            "orientation": 270.0
        },
        {
            "__class__": "Desk",
            "ID": "20",
            "position": [
                4.8,
                11.6
            ],
            "orientation": 270.0
        },
        {
            "__class__": "Desk",
            "ID": "21",
            "position": [
                7.6,
                11.6
            ],
            "orientation": 270.0
        },
        {
            "__class__": "Desk",
            "ID": "22",
            "position": [
                2.0,
                14.0
            ],
            "orientation": 270.0
        },
        {
            "__class__": "Desk",
            "ID": "23",
            "position": [
                4.8,
                14.0
            ],
            "orientation": 270.0
        },
        {
            "__class__": "Desk",
            "ID": "24",
            "position": [
                7.6,
                14.0
            ],
            "orientation": 270.0
        },
        {
            "__class__": "Desk",
            "ID": "25",
            "position": [
                11.2,
                11.2
            ],
            "orientation": 180.0
        },
        {
            "__class__": "Desk",
            "ID": "26",
            "position": [
                13.2,
                12.4
            ],
            "orientation": 270.0
        },
        {
            "__class__": "Desk",
            "ID": "27",
            "position": [
                12.0,
                14.4
            ],
            "orientation": 0.0
        },
        {
            "__class__": "Desk",
            "ID": "28",
            "position": [
                10.0,
                13.2
            ],
            "orientation": 90.0
        },
        {
            "__class__": "Desk",
            "ID": "29",
            "position": [
                3.2,
                16.8
            ],
            "orientation": 180.0
        },
        {
            "__class__": "Desk",
            "ID": "30",
            "position": [
                5.2,
                18.0
            ],
            "orientation": 270.0
        },
        {
            "__class__": "Desk",
            "ID": "31",
            "position": [
                4.0,
                20.0
            ],
            "orientation": 0.0
        },
        {
            "__class__": "Desk",
            "ID": "32",
            "position": [
                2.0,
                18.8
            ],
            "orientation": 90.0
        },
        {
            "__class__": "Desk",
            "ID": "33",
            "position": [
                6.4,
                16.4
            ],
            "orientation": 90.0
        },
        {
            "__class__": "Desk",
            "ID": "34",
            "position": [
                8.8,
                16.4
            ],
            "orientation": 270.0
        },
        {
            "__class__": "Desk",
            "ID": "35",
            "position": [
                6.4,
                20.0
            ],
            "orientation": 90.0
        },
        {
            "__class__": "Desk",
            "ID": "36",
            "position": [
                8.8,
                20.0
            ],
            "orientation": 270.0
        },
        {
            "__class__": "Desk",
            "ID": "37",
            "position": [
                12.0,
                16.8
            ],
            "orientation": 180.0
        },
        {
            "__class__": "Desk",
            "ID": "38",
            "position": [
                13.2,
                18.8
            ],
            "orientation": 270.0
        },
        {
            "__class__": "Desk",
            "ID": "39",
            "position": [
                11.2,
                20.0
            ],
            "orientation": 0.0
        },
        {
            "__class__": "Desk",
            "ID": "40",
            "position": [
                10.0,
                18.0
            ],
            "orientation": 90.0
        }
    ]
}