{
    "__class__": "Room",
    "ID": "theatre",
    "size": [
        25.0,
        14.0
    ],
    "desks": [
        {
            "__class__": "Desk",
            "ID": "1/1",
            "position": [
                15.052845287194002,
                1.5
            ],
            "description": "Row: 1, Seat: 1"
        },
        {
            "__class__": "Desk",
            "ID": "1/2",
            "position": [
                14.927900145479228,
                2.2888725777529397
            ],
            "description": "Row: 1, Seat: 2"
        },
        {
            "__class__": "Desk",
            "ID": "1/3",
            "position": [
                14.56529522134994,
                3.0005248111969767
            ],
            "description": "Row: 1, Seat: 3"
        },
        {
            "__class__": "Desk",
            "ID": "1/4",
            "position": [
                14.000524811196977,
                3.5652952213499405
            ],
            "description": "Row: 1, Seat: 4"
        },
        {
            "__class__": "Desk",
            "ID": "1/5",
            "position": [
                13.28887257775294,
                3.9279001454792275
            ],
            "description": "Row: 1, Seat: 5"
        },
        {
            "__class__": "Desk",
            "ID": "1/6",
            "position": [
                12.5,
                4.0528452871940015
            ],
            "description": "Row: 1, Seat: 6"
        },
        {
            "__class__": "Desk",
            "ID": "1/7",
            "position": [
                11.71112742224706,
                3.9279001454792275
            ],
            "description": "Row: 1, Seat: 7"
        },
        {
            "__class__": "Desk",
            "ID": "1/8",
            "position": [
                10.999475188803023,
                3.5652952213499405
            ],
            "description": "Row: 1, Seat: 8"
        },
        {
            "__class__": "Desk",
            "ID": "1/9",
            "position": [
                10.43470477865006,
                3.0005248111969776
            ],
            "description": "Row: 1, Seat: 9"
        },
        {
            "__class__": "Desk",
            "ID": "1/10",
            "position": [
                10.072099854520772,
                2.2888725777529397
            ],
            "description": "Row: 1, Seat: 10"
        },
        {
            "__class__": "Desk",
            "ID": "1/11",
            "position": [
                9.947154712805998,
                1.5000000000000002
            ],
            "description": "Row: 1, Seat: 11"
        },
        {
            "__class__": "Desk",
            "ID": "2/1",
            "position": [
                16.329267930791,
                1.5
            ],
            "description": "Row: 2, Seat: 1"
        },
        {
            "__class__": "Desk",
            "ID": "2/2",
            "position": [
                16.245589239070124,
                2.29614957008498
            ],
            "description": "Row: 2, Seat: 2"
        },
        {
            "__class__": "Desk",
            "ID": "2/3",
            "position": [
                15.998210324270602,
                3.0575035836077475
            ],
            "description": "Row: 2, Seat: 3"
        },
        {
            "__class__": "Desk",
            "ID": "2/4",
            "position": [
                15.597942832024911,
                3.750787216795466
            ],
            "description": "Row: 2, Seat: 4"
        },
        {
            "__class__": "Desk",
            "ID": "2/5",
            "position": [
                15.062280372440714,
                4.345700648133862
            ],
            "description": "Row: 2, Seat: 5"
        },
        {
            "__class__": "Desk",
            "ID": "2/6",
            "position": [
                14.414633965395502,
                4.816243305962079
            ],
            "description": "Row: 2, Seat: 6"
        },
        {
            "__class__": "Desk",
            "ID": "2/7",
            "position": [
                13.68330886662941,
                5.141850218218842
            ],
            "description": "Row: 2, Seat: 7"
        },
        {
            "__class__": "Desk",
            "ID": "2/8",
            "position": [
                12.90026749224569,
                5.308290800403213
            ],
            "description": "Row: 2, Seat: 8"
        },
        {
            "__class__": "Desk",
            "ID": "2/9",
            "position": [
                12.09973250775431,
                5.308290800403213
            ],
            "description": "Row: 2, Seat: 9"
        },
        {
            "__class__": "Desk",
            "ID": "2/10",
            "position": [
                11.31669113337059,
                5.141850218218842
            ],
            "description": "Row: 2, Seat: 10"
        },
        {
            "__class__": "Desk",
            "ID": "2/11",
            "position": [
                10.5853660346045,
                4.81624330596208
            ],
            "description": "Row: 2, Seat: 11"
        },
        {
            "__class__": "Desk",
            "ID": "2/12",
            "position": [
                9.937719627559288,
                4.345700648133863
            ],
            "description": "Row: 2, Seat: 12"
        },
        {
            "__class__": "Desk",
            "ID": "2/13",
            "position": [
                9.402057167975089,
                3.7507872167954663
            ],
            "description": "Row: 2, Seat: 13"
        },
        {
            "__class__": "Desk",
            "ID": "2/14",
            "position": [
                9.001789675729398,
                3.0575035836077484
            ],
            "description": "Row: 2, Seat: 14"
        },
        {
            "__class__": "Desk",
            "ID": "2/15",
            "position": [
                8.754410760929877,
                2.2961495700849817
            ],
            "description": "Row: 2, Seat: 15"
        },
        {
            "__class__": "Desk",
            "ID": "2/16",
            "position": [
                8.670732069208999,
                1.5000000000000004
            ],
            "description": "Row: 2, Seat: 16"
        },
        {
            "__class__": "Desk",
            "ID": "3/1",
            "position": [
                17.605690574388003,
                1.5
            ],
            "description": "Row: 3, Seat: 1"
        },
        {
            "__class__": "Desk",
            "ID": "3/2",
            "position": [
                17.54283105100952,
                2.298705973665336
            ],
            "description": "Row: 3, Seat: 2"
        },
        {
            "__class__": "Desk",
            "ID": "3/3",
            "position": [
                17.355800290958456,
                3.0777451555058795
            ],
            "description": "Row: 3, Seat: 3"
        },
        {
            "__class__": "Desk",
            "ID": "3/4",
            "position": [
                17.049203612266766,
                3.8179350153819027
            ],
            "description": "Row: 3, Seat: 4"
        },
        {
            "__class__": "Desk",
            "ID": "3/5",
            "position": [
                16.63059044269988,
                4.501049622393953
            ],
            "description": "Row: 3, Seat: 5"
        },
        {
            "__class__": "Desk",
            "ID": "3/6",
            "position": [
                16.110268427789997,
                5.110268427789995
            ],
            "description": "Row: 3, Seat: 6"
        },
        {
            "__class__": "Desk",
            "ID": "3/7",
            "position": [
                15.501049622393953,
                5.630590442699881
            ],
            "description": "Row: 3, Seat: 7"
        },
        {
            "__class__": "Desk",
            "ID": "3/8",
            "position": [
                14.817935015381902,
                6.049203612266765
            ],
            "description": "Row: 3, Seat: 8"
        },
        {
            "__class__": "Desk",
            "ID": "3/9",
            "position": [
                14.07774515550588,
                6.355800290958455
            ],
            "description": "Row: 3, Seat: 9"
        },
        {
            "__class__": "Desk",
            "ID": "3/10",
            "position": [
                13.298705973665337,
                6.542831051009522
            ],
            "description": "Row: 3, Seat: 10"
        },
        {
            "__class__": "Desk",
            "ID": "3/11",
            "position": [
                12.5,
                6.605690574388002
            ],
            "description": "Row: 3, Seat: 11"
        },
        {
            "__class__": "Desk",
            "ID": "3/12",
            "position": [
                11.701294026334665,
                6.542831051009522
            ],
            "description": "Row: 3, Seat: 12"
        },
        {
            "__class__": "Desk",
            "ID": "3/13",
            "position": [
                10.922254844494121,
                6.355800290958455
            ],
            "description": "Row: 3, Seat: 13"
        },
        {
            "__class__": "Desk",
            "ID": "3/14",
            "position": [
                10.182064984618098,
                6.049203612266766
            ],
            "description": "Row: 3, Seat: 14"
        },
        {
            "__class__": "Desk",
            "ID": "3/15",
            "position": [
                9.498950377606047,
                5.630590442699881
            ],
            "description": "Row: 3, Seat: 15"
        },
        {
            "__class__": "Desk",
            "ID": "3/16",
            "position": [
                8.889731572210005,
                5.110268427789995
            ],
            "description": "Row: 3, Seat: 16"
        },
        {
            "__class__": "Desk",
            "ID": "3/17",
            "position": [
                8.36940955730012,
                4.501049622393955
            ],
            "description": "Row: 3, Seat: 17"
        },
        {
            "__class__": "Desk",
            "ID": "3/18",
            "position": [
                7.950796387733235,
                3.817935015381903
            ],
            "description": "Row: 3, Seat: 18"
        },
        {
            "__class__": "Desk",
            "ID": "3/19",
            "position": [
                7.644199709041545,
                3.0777451555058795
            ],
            "description": "Row: 3, Seat: 19"
        },
        {
            "__class__": "Desk",
            "ID": "3/20",
            "position": [
                7.457168948990479,
                2.298705973665337
            ],
            "description": "Row: 3, Seat: 20"
        },
        {
            "__class__": "Desk",
            "ID": "3/21",
            "position": [
                7.394309425611998,
                1.5000000000000007
            ],
            "description": "Row: 3, Seat: 21"
        },
        {
            "__class__": "Desk",
            "ID": "4/1",
            "position": [
                18.882113217985005,
                1.5
            ],
            "description": "Row: 4, Seat: 1"
        },
        {
            "__class__": "Desk",
            "ID": "4/2",
            "position": [
                18.831788349016374,
                2.299890886583548
            ],
            "description": "Row: 4, Seat: 2"
        },
        {
            "__class__": "Desk",
            "ID": "4/3",
            "position": [
                18.681607395356735,
                3.087167016054019
            ],
            "description": "Row: 4, Seat: 3"
        },
        {
            "__class__": "Desk",
            "ID": "4/4",
            "position": [
                18.433938800359055,
                3.8494125735537
            ],
            "description": "Row: 4, Seat: 4"
        },
        {
            "__class__": "Desk",
            "ID": "4/5",
            "position": [
                18.092688445716497,
                4.574606491297397
            ],
            "description": "Row: 4, Seat: 5"
        },
        {
            "__class__": "Desk",
            "ID": "4/6",
            "position": [
                17.66323805337485,
                5.251312027992443
            ],
            "description": "Row: 4, Seat: 6"
        },
        {
            "__class__": "Desk",
            "ID": "4/7",
            "position": [
                17.15236031256258,
                5.868857133080865
            ],
            "description": "Row: 4, Seat: 7"
        },
        {
            "__class__": "Desk",
            "ID": "4/8",
            "position": [
                16.56811207043585,
                6.4175027513518526
            ],
            "description": "Row: 4, Seat: 8"
        },
        {
            "__class__": "Desk",
            "ID": "4/9",
            "position": [
                15.919707270785995,
                6.8885964136602675
            ],
            "description": "Row: 4, Seat: 9"
        },
        {
            "__class__": "Desk",
            "ID": "4/10",
            "position": [
                15.21737164464174,
                7.274708691533794
            ],
            "description": "Row: 4, Seat: 10"
        },
        {
            "__class__": "Desk",
            "ID": "4/11",
            "position": [
                14.47218144438235,
                7.56975036369807
            ],
            "description": "Row: 4, Seat: 11"
        },
        {
            "__class__": "Desk",
            "ID": "4/12",
            "position": [
                13.695888764620959,
                7.769068446733714
            ],
            "description": "Row: 4, Seat: 12"
        },
        {
            "__class__": "Desk",
            "ID": "4/13",
            "position": [
                12.900736204652176,
                7.869519575404402
            ],
            "description": "Row: 4, Seat: 13"
        },
        {
            "__class__": "Desk",
            "ID": "4/14",
            "position": [
                12.099263795347824,
                7.869519575404402
            ],
            "description": "Row: 4, Seat: 14"
        },
        {
            "__class__": "Desk",
            "ID": "4/15",
            "position": [
                11.30411123537904,
                7.769068446733713
            ],
            "description": "Row: 4, Seat: 15"
        },
        {
            "__class__": "Desk",
            "ID": "4/16",
            "position": [
                10.52781855561765,
                7.56975036369807
            ],
            "description": "Row: 4, Seat: 16"
        },
        {
            "__class__": "Desk",
            "ID": "4/17",
            "position": [
                9.78262835535826,
                7.274708691533793
            ],
            "description": "Row: 4, Seat: 17"
        },
        {
            "__class__": "Desk",
            "ID": "4/18",
            "position": [
                9.080292729214003,
                6.8885964136602675
            ],
            "description": "Row: 4, Seat: 18"
        },
        {
            "__class__": "Desk",
            "ID": "4/19",
            "position": [
                8.43188792956415,
                6.4175027513518526
            ],
            "description": "Row: 4, Seat: 19"
        },
        {
            "__class__": "Desk",
            "ID": "4/20",
            "position": [
                7.8476396874374235,
                5.868857133080863
            ],
            "description": "Row: 4, Seat: 20"
        },
        {
            "__class__": "Desk",
            "ID": "4/21",
            "position": [
                7.336761946625149,
                5.251312027992444
            ],
            "description": "Row: 4, Seat: 21"
        },
        {
            "__class__": "Desk",
            "ID": "4/22",
            "position": [
                6.907311554283503,
                4.574606491297397
            ],
            "description": "Row: 4, Seat: 22"
        },
        {
            "__class__": "Desk",
            "ID": "4/23",
            "position": [
                6.566061199640943,
                3.849412573553699
            ],
            "description": "Row: 4, Seat: 23"
        },
        {
            "__class__": "Desk",
            "ID": "4/24",
            "position": [
                6.318392604643265,
                3.087167016054019
            ],
            "description": "Row: 4, Seat: 24"
        },
        {
            "__class__": "Desk",
            "ID": "4/25",
            "position": [
                6.1682116509836264,
                2.299890886583547
            ],
            "description": "Row: 4, Seat: 25"
        },
        {
            "__class__": "Desk",
            "ID": "4/26",
            "position": [
                6.117886782014996,
                1.499999999999998
            ],
            "description": "Row: 4, Seat: 26"
        },
        {
            "__class__": "Desk",
            "ID": "5/1",
            "position": [
                20.158535861582003,
                1.5
            ],
            "description": "Row: 5, Seat: 1"
        },
        {
            "__class__": "Desk",
            "ID": "5/2",
            "position": [
                20.116581600806427,
                2.300534984491381
            ],
            "description": "Row: 5, Seat: 2"
        },
        {
            "__class__": "Desk",
            "ID": "5/3",
            "position": [
                19.99117847814025,
                3.0922991401699598
            ],
            "description": "Row: 5, Seat: 3"
        },
        {
            "__class__": "Desk",
            "ID": "5/4",
            "position": [
                19.783700436437684,
                3.866617733258819
            ],
            "description": "Row: 5, Seat: 4"
        },
        {
            "__class__": "Desk",
            "ID": "5/5",
            "position": [
                19.496420648541203,
                4.615007167215495
            ],
            "description": "Row: 5, Seat: 5"
        },
        {
            "__class__": "Desk",
            "ID": "5/6",
            "position": [
                19.132486611924158,
                5.329267930791001
            ],
            "description": "Row: 5, Seat: 6"
        },
        {
            "__class__": "Desk",
            "ID": "5/7",
            "position": [
                18.695885664049822,
                6.001574433590932
            ],
            "description": "Row: 5, Seat: 7"
        },
        {
            "__class__": "Desk",
            "ID": "5/8",
            "position": [
                18.191401296267724,
                6.6245607448814265
            ],
            "description": "Row: 5, Seat: 8"
        },
        {
            "__class__": "Desk",
            "ID": "5/9",
            "position": [
                17.62456074488143,
                7.191401296267723
            ],
            "description": "Row: 5, Seat: 9"
        },
        {
            "__class__": "Desk",
            "ID": "5/10",
            "position": [
                17.001574433590932,
                7.695885664049822
            ],
            "description": "Row: 5, Seat: 10"
        },
        {
            "__class__": "Desk",
            "ID": "5/11",
            "position": [
                16.329267930791005,
                8.132486611924158
            ],
            "description": "Row: 5, Seat: 11"
        },
        {
            "__class__": "Desk",
            "ID": "5/12",
            "position": [
                15.615007167215497,
                8.496420648541203
            ],
            "description": "Row: 5, Seat: 12"
        },
        {
            "__class__": "Desk",
            "ID": "5/13",
            "position": [
                14.86661773325882,
                8.783700436437684
            ],
            "description": "Row: 5, Seat: 13"
        },
        {
            "__class__": "Desk",
            "ID": "5/14",
            "position": [
                14.09229914016996,
                8.991178478140245
            ],
            "description": "Row: 5, Seat: 14"
        },
        {
            "__class__": "Desk",
            "ID": "5/15",
            "position": [
                13.300534984491383,
                9.116581600806427
            ],
            "description": "Row: 5, Seat: 15"
        },
        {
            "__class__": "Desk",
            "ID": "5/16",
            "position": [
                12.5,
                9.158535861582005
            ],
            "description": "Row: 5, Seat: 16"
        },
        {
            "__class__": "Desk",
            "ID": "5/17",
            "position": [
                11.69946501550862,
                9.116581600806427
            ],
            "description": "Row: 5, Seat: 17"
        },
        {
            "__class__": "Desk",
            "ID": "5/18",
            "position": [
                10.907700859830042,
                8.991178478140247
            ],
            "description": "Row: 5, Seat: 18"
        },
        {
            "__class__": "Desk",
            "ID": "5/19",
            "position": [
                10.133382266741181,
                8.783700436437684
            ],
            "description": "Row: 5, Seat: 19"
        },
        {
            "__class__": "Desk",
            "ID": "5/20",
            "position": [
                9.384992832784505,
                8.496420648541203
            ],
            "description": "Row: 5, Seat: 20"
        },
        {
            "__class__": "Desk",
            "ID": "5/21",
            "position": [
                8.670732069208999,
                8.13248661192416
            ],
            "description": "Row: 5, Seat: 21"
        },
        {
            "__class__": "Desk",
            "ID": "5/22",
            "position": [
                7.998425566409069,
                7.695885664049822
            ],
            "description": "Row: 5, Seat: 22"
        },
        {
            "__class__": "Desk",
            "ID": "5/23",
            "position": [
                7.375439255118575,
                7.191401296267726
            ],
            "description": "Row: 5, Seat: 23"
        },
        {
            "__class__": "Desk",
            "ID": "5/24",
            "position": [
                6.808598703732277,
                6.624560744881428
            ],
            "description": "Row: 5, Seat: 24"
        },
        {
            "__class__": "Desk",
            "ID": "5/25",
            "position": [
                6.304114335950179,
                6.001574433590933
            ],
            "description": "Row: 5, Seat: 25"
        },
        {
            "__class__": "Desk",
            "ID": "5/26",
            "position": [
                5.867513388075842,
                5.329267930791005
            ],
            "description": "Row: 5, Seat: 26"
        },
        {
            "__class__": "Desk",
            "ID": "5/27",
            "position": [
                5.503579351458798,
                4.615007167215497
            ],
            "description": "Row: 5, Seat: 27"
        },
        {
            "__class__": "Desk",
            "ID": "5/28",
            "position": [
                5.216299563562317,
                3.86661773325882
            ],
            "description": "Row: 5, Seat: 28"
        },
        {
            "__class__": "Desk",
            "ID": "5/29",
            "position": [
                5.008821521859754,
                3.092299140169963
            ],
            "description": "Row: 5, Seat: 29"
        },
        {
            "__class__": "Desk",
            "ID": "5/30",
            "position": [
                4.883418399193573,
                2.3005349844913834
            ],
            "description": "Row: 5, Seat: 30"
        },
        {
            "__class__": "Desk",
            "ID": "5/31",
            "position": [
                4.8414641384179955,
                1.5000000000000009
            ],
            "description": "Row: 5, Seat: 31"
        },
        {
            "__class__": "Desk",
            "ID": "6/1",
            "position": [
                21.434958505179004,
                1.5
            ],
            "description": "Row: 6, Seat: 1"
        },
        {
            "__class__": "Desk",
            "ID": "6/2",
            "position": [
                21.398988989072414,
                2.300923505485101
            ],
            "description": "Row: 6, Seat: 2"
        },
        {
            "__class__": "Desk",
            "ID": "6/3",
            "position": [
                21.291370046146604,
                3.0953984458394315
            ],
            "description": "Row: 6, Seat: 3"
        },
        {
            "__class__": "Desk",
            "ID": "6/4",
            "position": [
                21.112968160851096,
                3.877028175986957
            ],
            "description": "Row: 6, Seat: 4"
        },
        {
            "__class__": "Desk",
            "ID": "6/5",
            "position": [
                20.865219720267685,
                4.639519472931369
            ],
            "description": "Row: 6, Seat: 5"
        },
        {
            "__class__": "Desk",
            "ID": "6/6",
            "position": [
                20.550119449166218,
                5.3767332050872945
            ],
            "description": "Row: 6, Seat: 6"
        },
        {
            "__class__": "Desk",
            "ID": "6/7",
            "position": [
                20.17020434965365,
                6.0827337609580665
            ],
            "description": "Row: 6, Seat: 7"
        },
        {
            "__class__": "Desk",
            "ID": "6/8",
            "position": [
                19.728533274724793,
                6.75183683918942
            ],
            "description": "Row: 6, Seat: 8"
        },
        {
            "__class__": "Desk",
            "ID": "6/9",
            "position": [
                19.228662300176584,
                7.378655215221673
            ],
            "description": "Row: 6, Seat: 9"
        },
        {
            "__class__": "Desk",
            "ID": "6/10",
            "position": [
                18.67461609317672,
                7.958142116054252
            ],
            "description": "Row: 6, Seat: 10"
        },
        {
            "__class__": "Desk",
            "ID": "6/11",
            "position": [
                18.070855508010062,
                8.485631853894432
            ],
            "description": "Row: 6, Seat: 11"
        },
        {
            "__class__": "Desk",
            "ID": "6/12",
            "position": [
                17.422241669902903,
                8.956877391532068
            ],
            "description": "Row: 6, Seat: 12"
        },
        {
            "__class__": "Desk",
            "ID": "6/13",
            "position": [
                16.733996836100918,
                9.36808453698599
            ],
            "description": "Row: 6, Seat: 13"
        },
        {
            "__class__": "Desk",
            "ID": "6/14",
            "position": [
                16.011662349324475,
                9.715942492106889
            ],
            "description": "Row: 6, Seat: 14"
        },
        {
            "__class__": "Desk",
            "ID": "6/15",
            "position": [
                15.261054022135289,
                9.997650509177296
            ],
            "description": "Row: 6, Seat: 15"
        },
        {
            "__class__": "Desk",
            "ID": "6/16",
            "position": [
                14.488215311433347,
                10.210940440885395
            ],
            "description": "Row: 6, Seat: 16"
        },
        {
            "__class__": "Desk",
            "ID": "6/17",
            "position": [
                13.699368660095416,
                10.354095002113516
            ],
            "description": "Row: 6, Seat: 17"
        },
        {
            "__class__": "Desk",
            "ID": "6/18",
            "position": [
                12.900865397523747,
                10.425961596508174
            ],
            "description": "Row: 6, Seat: 18"
        },
        {
            "__class__": "Desk",
            "ID": "6/19",
            "position": [
                12.099134602476255,
                10.425961596508175
            ],
            "description": "Row: 6, Seat: 19"
        },
        {
            "__class__": "Desk",
            "ID": "6/20",
            "position": [
                11.300631339904585,
                10.354095002113517
            ],
            "description": "Row: 6, Seat: 20"
        },
        {
            "__class__": "Desk",
            "ID": "6/21",
            "position": [
                10.511784688566653,
                10.210940440885395
            ],
            "description": "Row: 6, Seat: 21"
        },
        {
            "__class__": "Desk",
            "ID": "6/22",
            "position": [
                9.738945977864711,
                9.997650509177298
            ],
            "description": "Row: 6, Seat: 22"
        },
        {
            "__class__": "Desk",
            "ID": "6/23",
            "position": [
                8.988337650675529,
                9.715942492106889
            ],
            "description": "Row: 6, Seat: 23"
        },
        {
            "__class__": "Desk",
            "ID": "6/24",
            "position": [
                8.266003163899082,
                9.36808453698599
            ],
            "description": "Row: 6, Seat: 24"
        },
        {
            "__class__": "Desk",
            "ID": "6/25",
            "position": [
                7.577758330097097,
                8.956877391532068
            ],
            "description": "Row: 6, Seat: 25"
        },
        {
            "__class__": "Desk",
            "ID": "6/26",
            "position": [
                6.929144491989937,
                8.485631853894432
            ],
            "description": "Row: 6, Seat: 26"
        },
        {
            "__class__": "Desk",
            "ID": "6/27",
            "position": [
                6.325383906823282,
                7.958142116054252
            ],
            "description": "Row: 6, Seat: 27"
        },
        {
            "__class__": "Desk",
            "ID": "6/28",
            "position": [
                5.771337699823416,
                7.378655215221674
            ],
            "description": "Row: 6, Seat: 28"
        },
        {
            "__class__": "Desk",
            "ID": "6/29",
            "position": [
                5.27146672527521,
                6.751836839189421
            ],
            "description": "Row: 6, Seat: 29"
        },
        {
            "__class__": "Desk",
            "ID": "6/30",
            "position": [
                4.829795650346351,
                6.082733760958067
            ],
            "description": "Row: 6, Seat: 30"
        },
        {
            "__class__": "Desk",
            "ID": "6/31",
            "position": [
                4.449880550833782,
                5.376733205087295
            ],
            "description": "Row: 6, Seat: 31"
        },
        {
            "__class__": "Desk",
            "ID": "6/32",
            "position": [
                4.134780279732315,
                4.6395194729313705
            ],
            "description": "Row: 6, Seat: 32"
        },
        {
            "__class__": "Desk",
            "ID": "6/33",
            "position": [
                3.887031839148902,
                3.877028175986958
            ],
            "description": "Row: 6, Seat: 33"
        },
        {
            "__class__": "Desk",
            "ID": "6/34",
            "position": [
                3.7086299538533947,
                3.0953984458394324
            ],
            "description": "Row: 6, Seat: 34"
        },
        {
            "__class__": "Desk",
            "ID": "6/35",
            "position": [
                3.601011010927584,
                2.3009235054851023
            ],
            "description": "Row: 6, Seat: 35"
        },
        {
            "__class__": "Desk",
            "ID": "6/36",
            "position": [
                3.5650414948209956,
                1.500000000000001
            ],
            "description": "Row: 6, Seat: 36"
        },
        {
            "__class__": "Desk",
            "ID": "7/1",
            "position": [
                22.711381148776006,
                1.5
            ],
            "description": "Row: 7, Seat: 1"
        },
        {
            "__class__": "Desk",
            "ID": "7/2",
            "position": [
                22.6799028685705,
                2.301175731065328
            ],
            "description": "Row: 7, Seat: 2"
        },
        {
            "__class__": "Desk",
            "ID": "7/3",
            "position": [
                22.585662102019043,
                3.0974119473306723
            ],
            "description": "Row: 7, Seat: 3"
        },
        {
            "__class__": "Desk",
            "ID": "7/4",
            "position": [
                22.429239874785658,
                3.8837995877473475
            ],
            "description": "Row: 7, Seat: 4"
        },
        {
            "__class__": "Desk",
            "ID": "7/5",
            "position": [
                22.211600581916912,
                4.655490311011759
            ],
            "description": "Row: 7, Seat: 5"
        },
        {
            "__class__": "Desk",
            "ID": "7/6",
            "position": [
                21.93408604202574,
                5.407726387201775
            ],
            "description": "Row: 7, Seat: 6"
        },
        {
            "__class__": "Desk",
            "ID": "7/7",
            "position": [
                21.59840722453353,
                6.135870030763805
            ],
            "description": "Row: 7, Seat: 7"
        },
        {
            "__class__": "Desk",
            "ID": "7/8",
            "position": [
                21.206633700974653,
                6.835431994002959
            ],
            "description": "Row: 7, Seat: 8"
        },
        {
            "__class__": "Desk",
            "ID": "7/9",
            "position": [
                20.76118088539976,
                7.502099244787908
            ],
            "description": "Row: 7, Seat: 9"
        },
        {
            "__class__": "Desk",
            "ID": "7/10",
            "position": [
                20.26479514254497,
                8.131761557828206
            ],
            "description": "Row: 7, Seat: 10"
        },
        {
            "__class__": "Desk",
            "ID": "7/11",
            "position": [
                19.72053685557999,
                8.72053685557999
            ],
            "description": "Row: 7, Seat: 11"
        },
        {
            "__class__": "Desk",
            "ID": "7/12",
            "position": [
                19.131761557828206,
                9.26479514254497
            ],
            "description": "Row: 7, Seat: 12"
        },
        {
            "__class__": "Desk",
            "ID": "7/13",
            "position": [
                18.502099244787907,
                9.761180885399762
            ],
            "description": "Row: 7, Seat: 13"
        },
        {
            "__class__": "Desk",
            "ID": "7/14",
            "position": [
                17.83543199400296,
                10.20663370097465
            ],
            "description": "Row: 7, Seat: 14"
        },
        {
            "__class__": "Desk",
            "ID": "7/15",
            "position": [
                17.135870030763805,
                10.59840722453353
            ],
            "description": "Row: 7, Seat: 15"
        },
        {
            "__class__": "Desk",
            "ID": "7/16",
            "position": [
                16.407726387201777,
                10.934086042025742
            ],
            "description": "Row: 7, Seat: 16"
        },
        {
            "__class__": "Desk",
            "ID": "7/17",
            "position": [
                15.655490311011759,
                11.21160058191691
            ],
            "description": "Row: 7, Seat: 17"
        },
        {
            "__class__": "Desk",
            "ID": "7/18",
            "position": [
                14.883799587747347,
                11.429239874785658
            ],
            "description": "Row: 7, Seat: 18"
        },
        {
            "__class__": "Desk",
            "ID": "7/19",
            "position": [
                14.097411947330674,
                11.585662102019043
            ],
            "description": "Row: 7, Seat: 19"
        },
        {
            "__class__": "Desk",
            "ID": "7/20",
            "position": [
                13.301175731065328,
                11.6799028685705
            ],
            "description": "Row: 7, Seat: 20"
        },
        {
            "__class__": "Desk",
            "ID": "7/21",
            "position": [
                12.5,
                11.711381148776004
            ],
            "description": "Row: 7, Seat: 21"
        },
        {
            "__class__": "Desk",
            "ID": "7/22",
            "position": [
                11.698824268934674,
                11.6799028685705
            ],
            "description": "Row: 7, Seat: 22"
        },
        {
            "__class__": "Desk",
            "ID": "7/23",
            "position": [
                10.902588052669328,
                11.585662102019043
            ],
            "description": "Row: 7, Seat: 23"
        },
        {
            "__class__": "Desk",
            "ID": "7/24",
            "position": [
                10.116200412252653,
                11.42923987478566
            ],
            "description": "Row: 7, Seat: 24"
        },
        {
            "__class__": "Desk",
            "ID": "7/25",
            "position": [
                9.344509688988243,
                11.21160058191691
            ],
            "description": "Row: 7, Seat: 25"
        },
        {
            "__class__": "Desk",
            "ID": "7/26",
            "position": [
                8.592273612798225,
                10.934086042025742
            ],
            "description": "Row: 7, Seat: 26"
        },
        {
            "__class__": "Desk",
            "ID": "7/27",
            "position": [
                7.864129969236195,
                10.598407224533531
            ],
            "description": "Row: 7, Seat: 27"
        },
        {
            "__class__": "Desk",
            "ID": "7/28",
            "position": [
                7.164568005997041,
                10.206633700974653
            ],
            "description": "Row: 7, Seat: 28"
        },
        {
            "__class__": "Desk",
            "ID": "7/29",
            "position": [
                6.497900755212093,
                9.761180885399762
            ],
            "description": "Row: 7, Seat: 29"
        },
        {
            "__class__": "Desk",
            "ID": "7/30",
            "position": [
                5.868238442171797,
                9.26479514254497
            ],
            "description": "Row: 7, Seat: 30"
        },
        {
            "__class__": "Desk",
            "ID": "7/31",
            "position": [
                5.27946314442001,
                8.72053685557999
            ],
            "description": "Row: 7, Seat: 31"
        },
        {
            "__class__": "Desk",
            "ID": "7/32",
            "position": [
                4.735204857455029,
                8.131761557828206
            ],
            "description": "Row: 7, Seat: 32"
        },
        {
            "__class__": "Desk",
            "ID": "7/33",
            "position": [
                4.23881911460024,
                7.502099244787909
            ],
            "description": "Row: 7, Seat: 33"
        },
        {
            "__class__": "Desk",
            "ID": "7/34",
            "position": [
                3.793366299025349,
                6.83543199400296
            ],
            "description": "Row: 7, Seat: 34"
        },
        {
            "__class__": "Desk",
            "ID": "7/35",
            "position": [
                3.4015927754664705,
                6.135870030763806
            ],
            "description": "Row: 7, Seat: 35"
        },
        {
            "__class__": "Desk",
            "ID": "7/36",
            "position": [
                3.0659139579742583,
                5.407726387201776
            ],
            "description": "Row: 7, Seat: 36"
        },
        {
            "__class__": "Desk",
            "ID": "7/37",
            "position": [
                2.78839941808309,
                4.655490311011759
            ],
            "description": "Row: 7, Seat: 37"
        },
        {
            "__class__": "Desk",
            "ID": "7/38",
            "position": [
                2.570760125214342,
                3.883799587747349
            ],
            "description": "Row: 7, Seat: 38"
        },
        {
            "__class__": "Desk",
            "ID": "7/39",
            "position": [
                2.4143378979809587,
                3.0974119473306736
            ],
            "description": "Row: 7, Seat: 39"
        },
        {
            "__class__": "Desk",
            "ID": "7/40",
            "position": [
                2.3200971314295007,
                2.301175731065329
            ],
            "description": "Row: 7, Seat: 40"
        },
        {
            "__class__": "Desk",
            "ID": "7/41",
            "position": [
                2.2886188512239958,
                1.5000000000000013
            ],
            "description": "Row: 7, Seat: 41"
        },
        {
            "__class__": "Desk",
            "ID": "8/1",
            "position": [
                23.987803792373008,
                1.5
            ],
            "description": "Row: 8, Seat: 1"
        },
        {
            "__class__": "Desk",
            "ID": "8/2",
            "position": [
                23.959820079709786,
                2.301348683620331
            ],
            "description": "Row: 8, Seat: 2"
        },
        {
            "__class__": "Desk",
            "ID": "8/3",
            "position": [
                23.876005275555308,
                3.0987932770053512
            ],
            "description": "Row: 8, Seat: 3"
        },
        {
            "__class__": "Desk",
            "ID": "8/4",
            "position": [
                23.73676771721037,
                3.88844871025494
            ],
            "description": "Row: 8, Seat: 4"
        },
        {
            "__class__": "Desk",
            "ID": "8/5",
            "position": [
                23.54278575606313,
                4.666467861474191
            ],
            "description": "Row: 8, Seat: 5"
        },
        {
            "__class__": "Desk",
            "ID": "8/6",
            "position": [
                23.295004452729287,
                5.4290602995645765
            ],
            "description": "Row: 8, Seat: 6"
        },
        {
            "__class__": "Desk",
            "ID": "8/7",
            "position": [
                22.994630972811805,
                6.172510750823244
            ],
            "description": "Row: 8, Seat: 7"
        },
        {
            "__class__": "Desk",
            "ID": "8/8",
            "position": [
                22.643128705711398,
                6.893197199383039
            ],
            "description": "Row: 8, Seat: 8"
        },
        {
            "__class__": "Desk",
            "ID": "8/9",
            "position": [
                22.2422101351405,
                7.587608533309725
            ],
            "description": "Row: 8, Seat: 9"
        },
        {
            "__class__": "Desk",
            "ID": "8/10",
            "position": [
                21.79382849607473,
                8.252361650386398
            ],
            "description": "Row: 8, Seat: 10"
        },
        {
            "__class__": "Desk",
            "ID": "8/11",
            "position": [
                21.300168258788464,
                8.884217940247407
            ],
            "description": "Row: 8, Seat: 11"
        },
        {
            "__class__": "Desk",
            "ID": "8/12",
            "position": [
                20.7636344863352,
                9.480099062562523
            ],
            "description": "Row: 8, Seat: 12"
        },
        {
            "__class__": "Desk",
            "ID": "8/13",
            "position": [
                20.186841117322142,
                10.037101944401586
            ],
            "description": "Row: 8, Seat: 13"
        },
        {
            "__class__": "Desk",
            "ID": "8/14",
            "position": [
                19.572598231064056,
                10.552512923714012
            ],
            "description": "Row: 8, Seat: 14"
        },
        {
            "__class__": "Desk",
            "ID": "8/15",
            "position": [
                18.923898357159317,
                11.023820970017521
            ],
            "description": "Row: 8, Seat: 15"
        },
        {
            "__class__": "Desk",
            "ID": "8/16",
            "position": [
                18.243901896186504,
                11.448729917886238
            ],
            "description": "Row: 8, Seat: 16"
        },
        {
            "__class__": "Desk",
            "ID": "8/17",
            "position": [
                17.53592172255047,
                11.825169653637852
            ],
            "description": "Row: 8, Seat: 17"
        },
        {
            "__class__": "Desk",
            "ID": "8/18",
            "position": [
                16.803407044491248,
                12.151306200719365
            ],
            "description": "Row: 8, Seat: 18"
        },
        {
            "__class__": "Desk",
            "ID": "8/19",
            "position": [
                16.04992659988823,
                12.425550654656526
            ],
            "description": "Row: 8, Seat: 19"
        },
        {
            "__class__": "Desk",
            "ID": "8/20",
            "position": [
                15.27915126972793,
                12.646566924036714
            ],
            "description": "Row: 8, Seat: 20"
        },
        {
            "__class__": "Desk",
            "ID": "8/21",
            "position": [
                14.494836193940825,
                12.813278239811984
            ],
            "description": "Row: 8, Seat: 21"
        },
        {
            "__class__": "Desk",
            "ID": "8/22",
            "position": [
                13.700802476737072,
                12.924872401209642
            ],
            "description": "Row: 8, Seat: 22"
        },
        {
            "__class__": "Desk",
            "ID": "8/23",
            "position": [
                12.900918570570902,
                12.980805732692765
            ],
            "description": "Row: 8, Seat: 23"
        },
        {
            "__class__": "Desk",
            "ID": "8/24",
            "position": [
                12.0990814294291,
                12.980805732692765
            ],
            "description": "Row: 8, Seat: 24"
        },
        {
            "__class__": "Desk",
            "ID": "8/25",
            "position": [
                11.299197523262928,
                12.924872401209642
            ],
            "description": "Row: 8, Seat: 25"
        },
        {
            "__class__": "Desk",
            "ID": "8/26",
            "position": [
                10.505163806059176,
                12.813278239811984
            ],
            "description": "Row: 8, Seat: 26"
        },
        {
            "__class__": "Desk",
            "ID": "8/27",
            "position": [
                9.72084873027207,
                12.646566924036714
            ],
            "description": "Row: 8, Seat: 27"
        },
        {
            "__class__": "Desk",
            "ID": "8/28",
            "position": [
                8.950073400111771,
                12.425550654656528
            ],
            "description": "Row: 8, Seat: 28"
        },
        {
            "__class__": "Desk",
            "ID": "8/29",
            "position": [
                8.196592955508752,
                12.151306200719365
            ],
            "description": "Row: 8, Seat: 29"
        },
        {
            "__class__": "Desk",
            "ID": "8/30",
            "position": [
                7.464078277449531,
                11.82516965363785
            ],
            "description": "Row: 8, Seat: 30"
        },
        {
            "__class__": "Desk",
            "ID": "8/31",
            "position": [
                6.756098103813499,
                11.44872991788624
            ],
            "description": "Row: 8, Seat: 31"
        },
        {
            "__class__": "Desk",
            "ID": "8/32",
            "position": [
                6.076101642840683,
                11.023820970017521
            ],
            "description": "Row: 8, Seat: 32"
        },
        {
            "__class__": "Desk",
            "ID": "8/33",
            "position": [
                5.427401768935942,
                10.552512923714012
            ],
            "description": "Row: 8, Seat: 33"
        },
        {
            "__class__": "Desk",
            "ID": "8/34",
            "position": [
                4.813158882677858,
                10.037101944401586
            ],
            "description": "Row: 8, Seat: 34"
        },
        {
            "__class__": "Desk",
            "ID": "8/35",
            "position": [
                4.236365513664799,
                9.480099062562521
            ],
            "description": "Row: 8, Seat: 35"
        },
        {
            "__class__": "Desk",
            "ID": "8/36",
            "position": [
                3.6998317412115362,
                8.884217940247408
            ],
            "description": "Row: 8, Seat: 36"
        },
        {
            "__class__": "Desk",
            "ID": "8/37",
            "position": [
                3.206171503925267,
                8.2523616503864
            ],
            "description": "Row: 8, Seat: 37"
        },
        {
            "__class__": "Desk",
            "ID": "8/38",
            "position": [
                2.7577898648595003,
                7.587608533309725
            ],
            "description": "Row: 8, Seat: 38"
        },
        {
            "__class__": "Desk",
            "ID": "8/39",
            "position": [
                2.3568712942886005,
                6.893197199383038
            ],
            "description": "Row: 8, Seat: 39"
        },
        {
            "__class__": "Desk",
            "ID": "8/40",
            "position": [
                2.0053690271881965,
                6.172510750823246
            ],
            "description": "Row: 8, Seat: 40"
        },
        {
            "__class__": "Desk",
            "ID": "8/41",
            "position": [
                1.7049955472707126,
                5.429060299564579
            ],
            "description": "Row: 8, Seat: 41"
        },
        {
            "__class__": "Desk",
            "ID": "8/42",
            "position": [
                1.4572142439368712,
                4.666467861474192
            ],
            "description": "Row: 8, Seat: 42"
        },
        {
            "__class__": "Desk",
            "ID": "8/43",
            "position": [
                1.2632322827896285,
                3.8884487102549397
            ],
            "description": "Row: 8, Seat: 43"
        },
        {
            "__class__": "Desk",
            "ID": "8/44",
            "position": [
                1.1239947244446942,
                3.09879327700535
            ],
            "description": "Row: 8, Seat: 44"
        },
        {
            "__class__": "Desk",
            "ID": "8/45",
            "position": [
                1.040179920290214,
                2.301348683620333
            ],
            "description": "Row: 8, Seat: 45"
        },
        {
            "__class__": "Desk",
            "ID": "8/46",
            "position": [
                1.0121962076269924,
                1.5000000000000013
            ],
            "description": "Row: 8, Seat: 46"
        }
    ]
}