[
    {
        "file": "0.dao",
        "parameter": {
            "build_qubo_parameter.conflict": 1000,
            "build_qubo_parameter.bonus": 1500
        },
        "result": {
            "independent_nodes": 36,
            "violations": 5,
            "max_penalty": 17,
            "Duration - load": 0.012519,
            "Duration - compose_model": 0.7571190000000001,
            "Duration - build": 0.0,
            "Duration - solve": 20.919005,
            "Duration - finalize": 0.320237,
            "Duration - total": 22.008879999999998
        }
    },
    {
        "file": "1.dao",
        "parameter": {
            "build_qubo_parameter.conflict": 1500,
            "build_qubo_parameter.bonus": 1250
        },
        "result": {
            "independent_nodes": 20,
            "violations": 0,
            "max_penalty": 0,
            "Duration - load": 0.0,
            "Duration - compose_model": 0.736174,
            "Duration - build": 0.015626,
            "Duration - solve": 20.276463,
            "Duration - finalize": 0.312442,
            "Duration - total": 21.340705
        }
    },
    {
        "file": "2.dao",
        "parameter": {
            "build_qubo_parameter.conflict": 2000,
            "build_qubo_parameter.bonus": 1000
        },
        "result": {
            "independent_nodes": 19,
            "violations": 0,
            "max_penalty": 0,
            "Duration - load": 0.0,
            "Duration - compose_model": 0.8717060000000001,
            "Duration - build": 0.0,
            "Duration - solve": 21.6125,
            "Duration - finalize": 0.318807,
            "Duration - total": 22.803013
        }
    },
    {
        "file": "3.dao",
        "parameter": {
            "build_qubo_parameter.conflict": 2500,
            "build_qubo_parameter.bonus": 750
        },
        "result": {
            "independent_nodes": 19,
            "violations": 0,
            "max_penalty": 0,
            "Duration - load": 0.0,
            "Duration - compose_model": 0.7659299999999999,
            "Duration - build": 0.0,
            "Duration - solve": 21.253238999999997,
            "Duration - finalize": 0.316415,
            "Duration - total": 22.335583999999997
        }
    },
    {
        "file": "4.dao",
        "parameter": {
            "build_qubo_parameter.conflict": 3000,
            "build_qubo_parameter.bonus": 500
        },
        "result": {
            "independent_nodes": 16,
            "violations": 0,
            "max_penalty": 0,
            "Duration - load": 0.0,
            "Duration - compose_model": 0.7782319999999999,
            "Duration - build": 0.013508,
            "Duration - solve": 21.610089000000002,
            "Duration - finalize": 0.306192,
            "Duration - total": 22.708021000000002
        }
    }
]