[
    {
        "file": "0.dao",
        "parameter": {
            "build_qubo_parameter_MIS.conflict": 1500,
            "build_qubo_parameter_MIS.bonus": 1250,
            "build_qubo_parameter_TSP.factor_rules": 50,
            "build_qubo_parameter_TSP.factor_distance": 1.5
        },
        "result": {
            "mis_independent_nodes": 49,
            "mis_violations": 0,
            "mis_max_penalty": 0,
            "tsp_time": 1,
            "tsp_city": 1,
            "tsp_distance ": 610.1827041403048,
            "Duration - load": 0.153717,
            "Duration - compose_model": 1.010349,
            "Duration - build": 0.556365,
            "Duration - solve": 73.11967299999999,
            "Duration - finalize": 0.371234,
            "Duration - total": 75.211338
        }
    },
    {
        "file": "1.dao",
        "parameter": {
            "build_qubo_parameter_MIS.conflict": 1750,
            "build_qubo_parameter_MIS.bonus": 1125,
            "build_qubo_parameter_TSP.factor_rules": 75,
            "build_qubo_parameter_TSP.factor_distance": 1.25
        },
        "result": {
            "mis_independent_nodes": 47,
            "mis_violations": 0,
            "mis_max_penalty": 0,
            "tsp_time": 0,
            "tsp_city": 0,
            "tsp_distance ": 627.7584579213609,
            "Duration - load": 0.141604,
            "Duration - compose_model": 0.9093150000000001,
            "Duration - build": 0.487722,
            "Duration - solve": 66.439756,
            "Duration - finalize": 0.365589,
            "Duration - total": 68.343986
        }
    },
    {
        "file": "2.dao",
        "parameter": {
            "build_qubo_parameter_MIS.conflict": 2000,
            "build_qubo_parameter_MIS.bonus": 1000,
            "build_qubo_parameter_TSP.factor_rules": 100,
            "build_qubo_parameter_TSP.factor_distance": 1.0
        },
        "result": {
            "mis_independent_nodes": 48,
            "mis_violations": 0,
            "mis_max_penalty": 0,
            "tsp_time": 0,
            "tsp_city": 0,
            "tsp_distance ": 740.2202799728614,
            "Duration - load": 0.146263,
            "Duration - compose_model": 0.889527,
            "Duration - build": 0.507564,
            "Duration - solve": 69.71879,
            "Duration - finalize": 0.34974,
            "Duration - total": 71.61188399999999
        }
    },
    {
        "file": "3.dao",
        "parameter": {
            "build_qubo_parameter_MIS.conflict": 2250,
            "build_qubo_parameter_MIS.bonus": 875,
            "build_qubo_parameter_TSP.factor_rules": 125,
            "build_qubo_parameter_TSP.factor_distance": 0.75
        },
        "result": {
            "mis_independent_nodes": 48,
            "mis_violations": 0,
            "mis_max_penalty": 0,
            "tsp_time": 0,
            "tsp_city": 0,
            "tsp_distance ": 1323.6623240459792,
            "Duration - load": 0.142591,
            "Duration - compose_model": 0.8927560000000001,
            "Duration - build": 0.508673,
            "Duration - solve": 70.097757,
            "Duration - finalize": 0.351483,
            "Duration - total": 71.99326
        }
    },
    {
        "file": "4.dao",
        "parameter": {
            "build_qubo_parameter_MIS.conflict": 2500,
            "build_qubo_parameter_MIS.bonus": 750,
            "build_qubo_parameter_TSP.factor_rules": 150,
            "build_qubo_parameter_TSP.factor_distance": 0.5
        },
        "result": {
            "mis_independent_nodes": 48,
            "mis_violations": 0,
            "mis_max_penalty": 0,
            "tsp_time": 0,
            "tsp_city": 0,
            "tsp_distance ": 2079.6109829236607,
            "Duration - load": 0.1411,
            "Duration - compose_model": 0.8935360000000002,
            "Duration - build": 1.444683,
            "Duration - solve": 69.378814,
            "Duration - finalize": 0.343879,
            "Duration - total": 72.20201200000001
        }
    }
]